{
	"info": {
		"_postman_id": "8030dd10-0d4e-450d-b5f5-80b61334b646",
		"name": "City Riders",
		"schema": "https://schema.getpostman.com/json/collection/v2.1.0/collection.json",
		"_exporter_id": "24667163"
	},
	"item": [
		{
			"name": "registration (139.59.88.204:5000/auth/register)",
			"request": {
				"method": "POST",
				"header": [],
				"body": {
					"mode": "raw",
					"raw": "{\n    \"username\": \"test1\",\n    \"email\": \"test30@gmail.com\",\n    \"country_code\": \"+91\",\n    \"phone_number\": \"9876543210\",\n    \"age\": \"20\",\n    \"gender\": \"male\",\n    \"password\": \"123\",\n    \"fcm_token\": \"kasdhfdiuahKBAUDHsandliae\",\n    \"longitude\": \"70.758972\",\n    \"latitude\": \"22.214027\",\n    \"vehicle\": [\n        {\n            \"vehicle_img_id\": \"63aa904fca104dd60f252724\",\n            \"vehicle_type\": \"1\",\n            \"model\": \"BMW\",\n            \"trim\": \"gsrthgrf\",\n            \"year\": \"2019\",\n            \"daily_driving\": 20,\n            \"unit\": \"km\"\n        },\n        {\n            \"vehicle_img_id\": \"63aa904fca104dd60f252724\",\n            \"vehicle_type\": \"2\",\n            \"model\": \"Spendor\",\n            \"trim\": \"gsrthgrfwewdwef\",\n            \"year\": \"2018\",\n            \"daily_driving\": 35,\n            \"unit\": \"km\"\n        }\n    ] \n}",
					"options": {
						"raw": {
							"language": "json"
						}
					}
				},
				"url": {
					"raw": "localhost:5000/auth/register",
					"host": [
						"localhost"
					],
					"port": "5000",
					"path": [
						"auth",
						"register"
					]
				}
			},
			"response": []
		},
		{
			"name": "Add Image",
			"request": {
				"method": "POST",
				"header": [],
				"body": {
					"mode": "formdata",
					"formdata": [
						{
							"key": "profile",
							"type": "file",
							"src": "/home/kurm/Pictures/Wallpapers/images.png"
						}
					]
				},
				"url": {
					"raw": "localhost:5000/auth/add-image/63ac5c1ae50afaabf2841a96",
					"host": [
						"localhost"
					],
					"port": "5000",
					"path": [
						"auth",
						"add-image",
						"63ac5c1ae50afaabf2841a96"
					]
				}
			},
			"response": []
		},
		{
			"name": "login (139.59.88.204:5000/auth/login)",
			"request": {
				"method": "POST",
				"header": [],
				"body": {
					"mode": "urlencoded",
					"urlencoded": [
						{
							"key": "email",
							"value": "test25@gmail.com",
							"type": "text"
						},
						{
							"key": "password",
							"value": "123",
							"type": "text"
						}
					]
				},
				"url": {
					"raw": "localhost:5000/auth/login",
					"host": [
						"localhost"
					],
					"port": "5000",
					"path": [
						"auth",
						"login"
					]
				}
			},
			"response": []
		},
		{
			"name": "User List (139.59.88.204:5000/auth/all-user)",
			"protocolProfileBehavior": {
				"disableBodyPruning": true
			},
			"request": {
				"method": "GET",
				"header": [],
				"body": {
					"mode": "urlencoded",
					"urlencoded": [
						{
							"key": "vehicle_type",
							"value": "1",
							"type": "text"
						}
					]
				},
				"url": {
					"raw": "localhost:5000/auth/all-user/63abe8ae624e8360a44eb0e0?page=1&limit=5",
					"host": [
						"localhost"
					],
					"port": "5000",
					"path": [
						"auth",
						"all-user",
						"63abe8ae624e8360a44eb0e0"
					],
					"query": [
						{
							"key": "page",
							"value": "1"
						},
						{
							"key": "limit",
							"value": "5"
						}
					]
				}
			},
			"response": []
		},
		{
			"name": "User Profile (139.59.88.204:5000/auth/user-profile/63aad2e29a91e00c552fcd20)",
			"protocolProfileBehavior": {
				"disableBodyPruning": true
			},
			"request": {
				"method": "GET",
				"header": [],
				"body": {
					"mode": "urlencoded",
					"urlencoded": []
				},
				"url": {
					"raw": "localhost:5000/auth/user-profile/63ac41565cd1644022684043",
					"host": [
						"localhost"
					],
					"port": "5000",
					"path": [
						"auth",
						"user-profile",
						"63ac41565cd1644022684043"
					]
				}
			},
			"response": []
		},
		{
			"name": "getAllChatData (139.59.88.204:5000/chat/get-all-chat)",
			"protocolProfileBehavior": {
				"disableBodyPruning": true
			},
			"request": {
				"method": "GET",
				"header": [],
				"body": {
					"mode": "urlencoded",
					"urlencoded": [
						{
							"key": "chat_room_id",
							"value": "631197eee9329b2fd2efef88",
							"type": "text"
						}
					]
				},
				"url": {
					"raw": "localhost:5000/chat/get-all-chat",
					"host": [
						"localhost"
					],
					"port": "5000",
					"path": [
						"chat",
						"get-all-chat"
					]
				}
			},
			"response": []
		},
		{
			"name": "readChat (https://driverrapp.herokuapp.com/chat/read-chat)",
			"request": {
				"method": "POST",
				"header": [],
				"body": {
					"mode": "urlencoded",
					"urlencoded": [
						{
							"key": "chat_room_id",
							"value": "630ddd680578c17364b8157f",
							"type": "text"
						},
						{
							"key": "sender_id",
							"value": "630dd6e56f1c372cab1dfca7",
							"type": "text"
						}
					]
				},
				"url": {
					"raw": "localhost:5000/chat/read-chat",
					"host": [
						"localhost"
					],
					"port": "5000",
					"path": [
						"chat",
						"read-chat"
					]
				}
			},
			"response": []
		},
		{
			"name": "viewById (https://driverrapp.herokuapp.com/auth/view-by-id/630dd4b90578c17364b8157a)",
			"request": {
				"method": "GET",
				"header": [],
				"url": {
					"raw": ""
				}
			},
			"response": []
		},
		{
			"name": "User Update (139.59.88.204:5000/auth/update-user/63abe8bc624e8360a44eb0e9)",
			"request": {
				"method": "PUT",
				"header": [],
				"body": {
					"mode": "formdata",
					"formdata": [
						{
							"key": "username",
							"value": "testInUpdate",
							"type": "text"
						},
						{
							"key": "profile",
							"type": "file",
							"src": []
						}
					]
				},
				"url": {
					"raw": "139.59.88.204:5000/auth/update-user/63abe8bc624e8360a44eb0e9",
					"host": [
						"139",
						"59",
						"88",
						"204"
					],
					"port": "5000",
					"path": [
						"auth",
						"update-user",
						"63abe8bc624e8360a44eb0e9"
					]
				}
			},
			"response": []
		},
		{
			"name": "userVehicleUpdateData (139.59.88.204:5000/auth/update/vehicle-data/63abe8b4624e8360a44eb0e3/2)",
			"request": {
				"method": "PUT",
				"header": [],
				"body": {
					"mode": "raw",
					"raw": "{\n    \"model\": \"Shine\", \n    \"trim\":\"awfdrth\",\n    \"year\":\"2019\",\n    \"daily_driving\":\"40\",\n    \"unit\":\"km\"\n}",
					"options": {
						"raw": {
							"language": "json"
						}
					}
				},
				"url": {
					"raw": "139.59.88.204:5000/auth/update/vehicle-data/63abe8b4624e8360a44eb0e3/2",
					"host": [
						"139",
						"59",
						"88",
						"204"
					],
					"port": "5000",
					"path": [
						"auth",
						"update",
						"vehicle-data",
						"63abe8b4624e8360a44eb0e3",
						"2"
					],
					"query": [
						{
							"key": "page",
							"value": "1",
							"disabled": true
						},
						{
							"key": "limit",
							"value": "2",
							"disabled": true
						}
					]
				}
			},
			"response": []
		},
		{
			"name": "Add Event (139.59.88.204:5000/event/ada/:id)",
			"request": {
				"method": "POST",
				"header": [],
				"body": {
					"mode": "formdata",
					"formdata": [
						{
							"key": "profile",
							"type": "file",
							"src": "/home/kurm/Pictures/Wallpapers/daniel-leone-v7daTKlZzaw-unsplash.jpg"
						},
						{
							"key": "name",
							"value": "chalo gujarat",
							"type": "text"
						},
						{
							"key": "date",
							"value": "31/12/2022",
							"type": "text"
						},
						{
							"key": "time",
							"value": "4:00AM",
							"type": "text"
						},
						{
							"key": "vehicle_type",
							"value": "2",
							"type": "text"
						},
						{
							"key": "address",
							"value": "nr.MP Udhan, Surat",
							"type": "text"
						},
						{
							"key": "longitude",
							"value": "72.136230",
							"type": "text"
						},
						{
							"key": "latitude",
							"value": "22.309425",
							"type": "text"
						},
						{
							"key": "about",
							"value": "Lorem Ipsum is simply dummy text of the printing and typesetting industry. Lorem Ipsum has been the industry's standard dummy text ever since the 1500s, when an unknown printer took a galley of type and scrambled it to make a type specimen book. It has survived not only five centuries, but also the leap into electronic typesetting, remaining essentially unchanged. It was popularised in the 1960s with the release of Letraset sheets containing Lorem Ipsum passages, and more recently with desktop publishing software like Aldus PageMaker including versions of Lorem Ipsum.",
							"type": "text"
						}
					]
				},
				"url": {
					"raw": "localhost:5000/event/add/63abe8ae624e8360a44eb0e0",
					"host": [
						"localhost"
					],
					"port": "5000",
					"path": [
						"event",
						"add",
						"63abe8ae624e8360a44eb0e0"
					]
				}
			},
			"response": []
		},
		{
			"name": "Event List",
			"request": {
				"method": "POST",
				"header": [],
				"body": {
					"mode": "urlencoded",
					"urlencoded": [
						{
							"key": "vehicle_type",
							"value": "1",
							"type": "text"
						}
					]
				},
				"url": {
					"raw": "localhost:5000/event/list/63aad2e29a91e00c552fcd20",
					"host": [
						"localhost"
					],
					"port": "5000",
					"path": [
						"event",
						"list",
						"63aad2e29a91e00c552fcd20"
					]
				}
			},
			"response": []
		},
		{
			"name": "Chnage Password",
			"request": {
				"method": "POST",
				"header": [],
				"body": {
					"mode": "urlencoded",
					"urlencoded": [
						{
							"key": "old_password",
							"value": "124",
							"type": "text"
						},
						{
							"key": "new_password",
							"value": "123",
							"type": "text"
						},
						{
							"key": "confirm_password",
							"value": "123",
							"type": "text"
						}
					]
				},
				"url": {
					"raw": "localhost:5000/auth/change-password/63ac41565cd1644022684043",
					"host": [
						"localhost"
					],
					"port": "5000",
					"path": [
						"auth",
						"change-password",
						"63ac41565cd1644022684043"
					]
				}
			},
			"response": []
		},
		{
			"name": "Forget Password",
			"request": {
				"method": "POST",
				"header": [],
				"body": {
					"mode": "urlencoded",
					"urlencoded": [
						{
							"key": "email",
							"value": "harvi.5876@gmail.com",
							"type": "text"
						}
					]
				},
				"url": {
					"raw": "localhost:5000/auth/forget-password",
					"host": [
						"localhost"
					],
					"port": "5000",
					"path": [
						"auth",
						"forget-password"
					]
				}
			},
			"response": []
		}
	]
}